filename,title,image,description
yokai1,妖怪1,yokai1.png,説明1
yokai2,妖怪2,yokai2.png,説明2
yokai3,妖怪3,yokai3.png,説明3
yokai4,妖怪4,yokai4.png,説明4
yokai5,妖怪5,yokai5.png,説明5
yokai6,妖怪6,yokai6.png,説明6
yokai7,妖怪7,yokai7.png,説明7
yokai8,妖怪8,yokai8.png,説明8
yokai9,妖怪9,yokai9.png,説明9
yokai10,妖怪10,yokai10.png,説明10
yokai11,妖怪11,yokai11.png,説明11
yokai12,妖怪12,yokai12.png,説明12
yokai13,妖怪13,yokai13.png,説明13
yokai14,妖怪14,yokai14.png,説明14
yokai15,妖怪15,yokai15.png,説明15
yokai16,妖怪16,yokai16.png,説明16
yokai17,妖怪17,yokai17.png,説明17
yokai18,妖怪18,yokai18.png,説明18
yokai19,妖怪19,yokai19.png,説明19
yokai20,妖怪20,yokai20.png,説明20
yokai21,妖怪21,yokai21.png,説明21
yokai22,妖怪22,yokai22.png,説明22
yokai23,妖怪23,yokai23.png,説明23
yokai24,妖怪24,yokai24.png,説明24
yokai25,妖怪25,yokai25.png,説明25
yokai26,妖怪26,yokai26.png,説明26
yokai27,妖怪27,yokai27.png,説明27
yokai28,妖怪28,yokai28.png,説明28
yokai29,妖怪29,yokai29.png,説明29
yokai30,妖怪30,yokai30.png,説明30
yokai31,妖怪31,yokai31.png,説明31
yokai32,妖怪32,yokai32.png,説明32
yokai33,妖怪33,yokai33.png,説明33
yokai34,妖怪34,yokai34.png,説明34
yokai35,妖怪35,yokai35.png,説明35
yokai36,妖怪36,yokai36.png,説明36
yokai37,妖怪37,yokai37.png,説明37
yokai38,妖怪38,yokai38.png,説明38
yokai39,妖怪39,yokai39.png,説明39
yokai40,妖怪40,yokai40.png,説明40
yokai41,妖怪41,yokai41.png,説明41
yokai42,妖怪42,yokai42.png,説明42
yokai43,妖怪43,yokai43.png,説明43
yokai44,妖怪44,yokai44.png,説明44
yokai45,妖怪45,yokai45.png,説明45
yokai46,妖怪46,yokai46.png,説明46
yokai47,妖怪47,yokai47.png,説明47
yokai48,妖怪48,yokai48.png,説明48
yokai49,妖怪49,yokai49.png,説明49
yokai50,妖怪50,yokai50.png,説明50
yokai51,妖怪51,yokai51.png,説明51
yokai52,妖怪52,yokai52.png,説明52
yokai53,妖怪53,yokai53.png,説明53
yokai54,妖怪54,yokai54.png,説明54
yokai55,妖怪55,yokai55.png,説明55
yokai56,妖怪56,yokai56.png,説明56
yokai57,妖怪57,yokai57.png,説明57
yokai58,妖怪58,yokai58.png,説明58
yokai59,妖怪59,yokai59.png,説明59
yokai60,妖怪60,yokai60.png,説明60
yokai61,妖怪61,yokai61.png,説明61
yokai62,妖怪62,yokai62.png,説明62
yokai63,妖怪63,yokai63.png,説明63
yokai64,妖怪64,yokai64.png,説明64
yokai65,妖怪65,yokai65.png,説明65
yokai66,妖怪66,yokai66.png,説明66
yokai67,妖怪67,yokai67.png,説明67
yokai68,妖怪68,yokai68.png,説明68
yokai69,妖怪69,yokai69.png,説明69
yokai70,妖怪70,yokai70.png,説明70
yokai71,妖怪71,yokai71.png,説明71
yokai72,妖怪72,yokai72.png,説明72
yokai73,妖怪73,yokai73.png,説明73
yokai74,妖怪74,yokai74.png,説明74
yokai75,妖怪75,yokai75.png,説明75
yokai76,妖怪76,yokai76.png,説明76
yokai77,妖怪77,yokai77.png,説明77
yokai78,妖怪78,yokai78.png,説明78
yokai79,妖怪79,yokai79.png,説明79
yokai80,妖怪80,yokai80.png,説明80
yokai81,妖怪81,yokai81.png,説明81
yokai82,妖怪82,yokai82.png,説明82
yokai83,妖怪83,yokai83.png,説明83
yokai84,妖怪84,yokai84.png,説明84
yokai85,妖怪85,yokai85.png,説明85
yokai86,妖怪86,yokai86.png,説明86
yokai87,妖怪87,yokai87.png,説明87
yokai88,妖怪88,yokai88.png,説明88
yokai89,妖怪89,yokai89.png,説明89
yokai90,妖怪90,yokai90.png,説明90
yokai91,妖怪91,yokai91.png,説明91
yokai92,妖怪92,yokai92.png,説明92
yokai93,妖怪93,yokai93.png,説明93
yokai94,妖怪94,yokai94.png,説明94
yokai95,妖怪95,yokai95.png,説明95
yokai96,妖怪96,yokai96.png,説明96
yokai97,妖怪97,yokai97.png,説明97
yokai98,妖怪98,yokai98.png,説明98
yokai99,妖怪99,yokai99.png,説明99
yokai100,妖怪100,yokai100.png,説明100
yokai101,妖怪101,yokai101.png,説明101
yokai102,妖怪102,yokai102.png,説明102
yokai103,妖怪103,yokai103.png,説明103
yokai104,妖怪104,yokai104.png,説明104
yokai105,妖怪105,yokai105.png,説明105
yokai106,妖怪106,yokai106.png,説明106
yokai107,妖怪107,yokai107.png,説明107
yokai108,妖怪108,yokai108.png,説明108
yokai109,妖怪109,yokai109.png,説明109